{"08_PFDN": {"valid_runtime": [1232.236572265625, 37.211326599121094, 46.92675018310547, 33.248382568359375, 43.57356643676758, 156.76541137695312, 31.77414321899414, 39.010398864746094, 171.26853942871094, 143.7466583251953, 40.82038497924805, 47.961246490478516, 149.82293701171875, 49.60774230957031, 49.58784103393555, 162.31158447265625, 177.60850524902344, 36.74409484863281, 31.159360885620117, 62.94403076171875, 87.67779541015625, 167.0428466796875, 43.98819351196289, 46.41302490234375, 146.3586883544922, 63.698177337646484, 63.71673583984375, 165.56716918945312, 45.081504821777344, 26.45702362060547, 167.56317138671875, 56.08492660522461, 67.0054702758789, 160.55538940429688, 186.09056091308594, 36.23699188232422, 151.65184020996094, 32.18975830078125, 32.312767028808594, 153.07752990722656, 33.99494552612305, 34.000606536865234, 155.93093872070312, 49.081024169921875, 49.021728515625, 162.29104614257812, 156.93801879882812, 43.00352096557617, 36.68646240234375, 160.04287719726562, 44.814369201660156, 36.0332145690918, 164.86428833007812, 125.89254760742188, 67.85968017578125, 106.93603515625, 144.77090454101562, 50.353919982910156, 50.41417694091797, 159.88636779785156, 53.64908981323242, 56.74937438964844, 194.58262634277344, 37.386878967285156, 43.64713668823242, 170.38844299316406, 145.91708374023438, 42.95248031616211, 43.08697509765625, 191.37820434570312, 49.72566223144531, 49.748992919921875, 174.32022094726562, 37.38790512084961, 43.68646240234375, 159.2410888671875, 29.22480010986328, 49.25299072265625, 213.20095825195312, 36.7749137878418, 34.10063934326172, 151.36451721191406, 47.54304122924805, 46.51510238647461, 160.65203857421875, 150.44122314453125, 33.3614387512207, 33.29670333862305, 155.72674560546875, 44.1822395324707, 54.44406509399414, 148.68016052246094, 151.40211486816406, 36.71839904785156, 34.809505462646484, 139.40771484375, 49.832576751708984, 49.66057586669922, 167.85682678222656, 29.41494369506836], "valid_psnr": [29.479218168902683, 35.21537785440567, 40.7224976920113, 27.543795206805438, 28.564539750691317, 28.4120581934647, 20.240039441980837, 26.794996625522117, 32.270382035136535, 26.77130793867866, 29.084751637721666, 27.976041834511772, 31.391072378659164, 28.24395626623698, 34.07902002394682, 31.66726447528477, 32.22072735346999, 28.93029797947671, 28.056396520298293, 24.916798506527584, 32.15352193718486, 30.650332876148674, 26.028729615849, 28.38775576232802, 27.32663358436546, 24.246107516253694, 33.503765933458155, 22.179144722889895, 26.61139043734358, 24.450678596685318, 30.199956668910612, 30.75166394386312, 34.18798440268815, 25.42748492926437, 22.872738802022713, 25.869282491926924, 26.209051190605457, 37.77177187979625, 29.081664708725697, 28.417463142550467, 28.146943512673815, 29.88476450450031, 41.14701151620985, 44.21085919725547, 24.19523941408123, 25.631077234890412, 27.74543320227341, 27.240312990109743, 22.33314595277998, 29.066593456396475, 28.484300813240804, 30.05392903123247, 34.19771076160611, 24.91538229825479, 29.398340873385752, 24.353835231569985, 34.93359990792555, 28.548142004454476, 25.394723581594878, 20.61380548441488, 23.03331813989635, 33.16068444072481, 33.22633873917857, 29.938116869040815, 27.276529699444513, 25.053879492232404, 28.459673724047633, 32.80518806411065, 23.7766766165159, 28.642313145247485, 32.11338971680871, 24.05765089939009, 24.01108311783611, 30.119371605843938, 24.388902357641726, 22.154092933438584, 40.29577676320203, 32.17707287293844, 27.334746565523105, 32.11794566540225, 25.914001650953384, 34.23063263617653, 26.397263354306734, 25.9165775748402, 22.932660084948417, 36.4714277970541, 25.276969789377915, 30.60769077512652, 30.937272233563423, 25.275104453609366, 26.85571264892514, 30.129367317981913, 33.26449680989078, 31.769122259532573, 20.420273955221123, 39.08430059253723, 22.13620533569253, 34.53294162033119, 31.137388862749834, 28.058940815763403], "valid_memory": 296.44970703125, "valid_ave_runtime": 100.17628576278686, "valid_ave_psnr": 28.948939159924894, "activations": 65.102976, "num_conv": 35, "flops": 16.75785216, "num_parameters": 0.272224}}